{"mean": [61.318022747156604, 21.101159230096236, 0.15069991251093615, 2.483814523184602, 0.9951881014873141, 0.022965879265091863, 0.1410761154855643, 0.1628390201224847, 0.0, 0.29440069991251094, 0.3232720909886264, 0.13517060367454067, 4.291666666666667, 0.0008748906386701663, 1.0263560804899388, 0.004374453193350831, 0.002405949256342957, 0.4434601924759405, 0.1265310586176728, 0.006233595800524934, 0.016294838145231846, 0.610236220472441, 0.053386959881820795, 0.025198687309576875, 0.00032808398950131233, 0.002405949256342957, 0.06430446194225722, 0.04954068241469816, 0.022090988626421698, 2.234361329833771, 0.199912510936133, 0.0834426946631671, 0.12521872265966755, 0.00021872265966754156], "scale": [56.62358752151798, 10.765725988014536, 0.35775613045778365, 1.3549593197765617, 2.1168766371475525, 0.15968896295616475, 0.3646706304970533, 0.8258544118175228, 1.0, 1.0037916587658344, 1.1038788536414919, 1.598300207586521, 1.9004973850510856, 0.0295656084841908, 0.23258414233975486, 0.10655722623066184, 0.08620198278966644, 0.5009580628144545, 0.38003021205063275, 0.07870665844717278, 0.16880908742156864, 0.4876966020959489, 0.08943529445451241, 0.09295632415929773, 0.01811011734907094, 0.04899143460360416, 0.24529451301765967, 0.21699401650872913, 0.14697951166038326, 0.6363483000917038, 0.39993436824974776, 0.27655019683687193, 0.33096675687319493, 0.014787657693687535]}